Pipeline,Success_Rate,Avg_Response_Time,Std_Response_Time,Avg_Documents_Retrieved,Avg_Answer_Length,Avg_Answer_Relevancy,Avg_Context_Precision,Avg_Context_Recall,Avg_Faithfulness,Avg_Answer_Similarity,Avg_Answer_Correctness
basic,1.0,4.065856091181437,1.4771614080268776,10.0,1590.9333333333334,0.6696701000678039,0.5236111110774073,0.8916666666666667,0.6007824857747458,,0.5110734252744975
hyde,1.0,5.922848113377889,1.5879126539255,10.0,444.46666666666664,0.9166717625610373,0.6651878306582274,0.8,0.6291402116402115,,0.5544516816758426
crag,1.0,3.222234567006429,1.464309398730845,10.0,1527.7666666666667,0.4927071185013561,0.5014814814537097,0.8666666666666667,0.6516517379560859,,0.4980525280349788
colbert,1.0,0.8876092116038005,0.28944849023375985,10.0,191.6,0.6052017521732079,0.0,0.913888888888889,0.26111111111111107,,0.2612187707791678
noderag,1.0,0.9547335386276246,0.23962382401512924,10.0,193.26666666666668,0.6799341828437462,0.03333333333,0.9777777777777777,0.21444444444444447,,0.4680862598877315
graphrag,1.0,1.1524100144704184,0.4265043549063596,10.0,298.3333333333333,0.9415755932911848,0.551375661337724,0.925,0.4936507936507936,,0.5238384784157407
hybrid_ifind,1.0,1.4366238037745158,0.4787712924156064,10.0,422.26666666666665,0.9287779100522877,0.5741269840937359,0.8,0.5064285714285715,,0.555019228085589
