Pipeline,Success_Rate,Avg_Response_Time,Std_Response_Time,Avg_Documents_Retrieved,Avg_Answer_Length,Avg_Answer_Relevancy,Avg_Context_Precision,Avg_Context_Recall,Avg_Faithfulness,Avg_Answer_Similarity,Avg_Answer_Correctness
basic,1.0,0.19477643171946207,0.5586751451425417,1.0,114.7,,,,,,
hyde,1.0,5.689919344584147,1.501484429925148,10.0,256.03333333333336,,,,,,
crag,1.0,1.9037607908248901,0.6788731099572205,10.0,760.0666666666667,,,,,,
colbert,1.0,0.9785478432973226,0.5925570072744352,10.0,196.43333333333334,,,,,,
noderag,1.0,0.879604434967041,0.2893603202078618,10.0,190.2,,,,,,
graphrag,1.0,1.5128777503967286,2.8953639685984207,10.0,217.4,,,,,,
hybrid_ifind,1.0,1.322714885075887,1.1562633352543628,10.0,286.96666666666664,,,,,,
