Pipeline,Success_Rate,Avg_Response_Time,Std_Response_Time,Avg_Documents_Retrieved,Avg_Answer_Length,Avg_Answer_Relevancy,Avg_Context_Precision,Avg_Context_Recall,Avg_Faithfulness,Avg_Answer_Similarity,Avg_Answer_Correctness
basic,1.0,0.020280989011128743,0.018485499926588683,0.0,48.0,,,,,,
hyde,1.0,5.187802235285441,1.502341046570189,10.0,226.3,,,,,,
crag,1.0,2.0482221047083535,0.8187708301397871,10.0,947.7666666666667,,,,,,
colbert,1.0,0.728423802057902,0.2523260937914115,10.0,191.0,,,,,,
noderag,1.0,0.9792470534642538,1.193603058772642,10.0,203.0,,,,,,
graphrag,1.0,0.9735730568567912,0.36027822790219916,10.0,259.1666666666667,,,,,,
hybrid_ifind,1.0,1.247886633872986,0.753524477810131,10.0,339.26666666666665,,,,,,
