Pipeline,Success_Rate,Avg_Response_Time,Std_Response_Time,Avg_Documents_Retrieved,Avg_Answer_Length,Avg_Answer_Relevancy,Avg_Context_Precision,Avg_Context_Recall,Avg_Faithfulness,Avg_Answer_Similarity,Avg_Answer_Correctness
basic,1.0,3.76345964272817,1.5488483345495756,10.0,1639.0,,,,,,
hyde,1.0,6.001198498408,3.426956539320605,10.0,404.73333333333335,,,,,,
crag,1.0,2.75538326104482,0.8912152216513137,10.0,1414.0333333333333,,,,,,
colbert,1.0,34.3593537569046,5.553842379556206,10.0,158.5,,,,,,
noderag,1.0,0.8993727842966716,0.660579810896213,10.0,208.23333333333332,,,,,,
graphrag,1.0,0.9586411396662394,0.28801760222169764,10.0,310.1333333333333,,,,,,
hybrid_ifind,1.0,1.2028297980626423,0.3494866342417724,10.0,418.3333333333333,,,,,,
