Pipeline,Success_Rate,Avg_Response_Time,Std_Response_Time,Avg_Documents_Retrieved,Avg_Answer_Length,Avg_Answer_Relevancy,Avg_Context_Precision,Avg_Context_Recall,Avg_Faithfulness,Avg_Answer_Similarity,Avg_Answer_Correctness
basic,1.0,2.7805595874786375,0.891355560191845,10.0,1581.2333333333333,,,,,,
hyde,1.0,4.726288755734761,1.1028378163936194,10.0,445.8,,,,,,
crag,1.0,2.7442591508229572,1.343921601570701,10.0,1527.3333333333333,,,,,,
colbert,1.0,0.7018813927968343,0.19158521114536764,10.0,196.66666666666666,,,,,,
noderag,1.0,0.7651506423950195,0.2652734908567621,10.0,195.33333333333334,,,,,,
graphrag,1.0,0.8430350542068481,0.2411182711429206,10.0,261.03333333333336,,,,,,
hybrid_ifind,1.0,1.2397141615549723,0.44353559645402973,10.0,457.8,,,,,,
