{
  "ingestion_summary": {
    "target_docs": 100000,
    "final_docs": 26250,
    "success_rate": 26.25,
    "total_time_seconds": 29916.24498772621,
    "error_count": 0,
    "batch_count": 61,
    "files_processed": 26000,
    "files_failed": 0,
    "schema_type": "RAG"
  },
  "performance_metrics": {
    "ingestion_rate_docs_per_second": 0.8774496936620766,
    "peak_memory_gb": 51.25028991699219,
    "avg_cpu_percent": 38.49846153846154,
    "disk_usage_gb": 35.33682137405016
  },
  "error_details": {
    "failed_files": [],
    "error_rate": 0.0
  },
  "timestamp": "2025-05-27T11:22:02.654158"
}